ID;volume
α-Fe; 0.0118199515
γ-Fe; 0.011184719
Al;0.00582391
γ-Ni;0.003808637