ID;volume
β-NiAl;0.011943936
η-Ni3Ti;0.0116875
γ'-Ni3Al;0.01127000146975